run_date,asset_id,status,duration_minutes,row_count,source_latency_minutes,failure_reason
2026-03-21,RPT-001,Succeeded,28,440922,26,
2026-03-22,RPT-001,Succeeded,21,160327,18,
2026-03-23,RPT-001,Succeeded,23,1160839,41,
2026-03-24,RPT-001,Succeeded,19,1174199,21,
2026-03-25,RPT-001,Succeeded,10,626428,24,
2026-03-26,RPT-001,Succeeded,31,137899,65,
2026-03-27,RPT-001,Succeeded,15,1684197,59,
2026-03-28,RPT-001,Succeeded,15,1620462,4,
2026-03-29,RPT-001,Succeeded,10,1231545,75,
2026-03-30,RPT-001,Succeeded,20,1232640,68,
2026-03-31,RPT-001,Succeeded,15,1122223,32,
2026-04-01,RPT-001,Succeeded,17,803705,65,
2026-04-02,RPT-001,Succeeded,20,881413,51,
2026-04-03,RPT-001,Succeeded,4,1733822,105,
2026-04-04,RPT-001,Failed,21,1487152,4,Schema drift
2026-04-05,RPT-001,Succeeded,20,1078930,22,
2026-04-06,RPT-001,Succeeded,31,1822122,5,
2026-04-07,RPT-001,Succeeded,15,1514804,31,
2026-04-08,RPT-001,Succeeded,27,785222,84,
2026-04-09,RPT-001,Succeeded,12,412347,4,
2026-04-10,RPT-001,Succeeded,21,162584,4,
2026-04-11,RPT-001,Succeeded,11,810413,35,
2026-04-12,RPT-001,Succeeded,8,615493,4,
2026-04-13,RPT-001,Succeeded,14,497637,99,
2026-04-14,RPT-001,Succeeded,15,994586,64,
2026-04-15,RPT-001,Succeeded,19,1698474,4,
2026-04-16,RPT-001,Succeeded,15,246446,4,
2026-04-17,RPT-001,Succeeded,24,1370994,30,
2026-04-18,RPT-001,Succeeded,16,820977,46,
2026-04-19,RPT-001,Succeeded,25,1052714,58,
2026-04-20,RPT-001,Succeeded,5,1553207,75,
2026-04-21,RPT-001,Succeeded,7,1435795,53,
2026-04-22,RPT-001,Succeeded,14,1814581,56,
2026-04-23,RPT-001,Succeeded,13,966906,26,
2026-04-24,RPT-001,Succeeded,15,975123,42,
2026-04-25,RPT-001,Succeeded,15,1058653,4,
2026-04-26,RPT-001,Succeeded,25,1306095,75,
2026-04-27,RPT-001,Succeeded,19,846936,4,
2026-04-28,RPT-001,Succeeded,21,239661,4,
2026-04-29,RPT-001,Succeeded,25,677153,7,
2026-04-30,RPT-001,Succeeded,25,576690,20,
2026-05-01,RPT-001,Succeeded,7,1751951,29,
2026-05-02,RPT-001,Succeeded,18,1418562,90,
2026-05-03,RPT-001,Succeeded,13,654817,42,
2026-05-04,RPT-001,Succeeded,22,746261,23,
2026-03-21,RPT-002,Succeeded,21,1684946,4,
2026-03-22,RPT-002,Succeeded,14,1346040,40,
2026-03-23,RPT-002,Succeeded,4,1001188,70,
2026-03-24,RPT-002,Succeeded,9,908008,38,
2026-03-25,RPT-002,Succeeded,14,1674197,30,
2026-03-26,RPT-002,Succeeded,25,1848147,4,
2026-03-27,RPT-002,Succeeded,20,844889,119,
2026-03-28,RPT-002,Succeeded,18,1280856,15,
2026-03-29,RPT-002,Succeeded,31,963474,33,
2026-03-30,RPT-002,Succeeded,4,786560,57,
2026-03-31,RPT-002,Succeeded,4,1065560,101,
2026-04-01,RPT-002,Succeeded,17,1029561,30,
2026-04-02,RPT-002,Succeeded,17,924525,55,
2026-04-03,RPT-002,Succeeded,5,1313271,4,
2026-04-04,RPT-002,Succeeded,11,200536,20,
2026-04-05,RPT-002,Succeeded,9,1741336,125,
2026-04-06,RPT-002,Succeeded,18,122570,33,
2026-04-07,RPT-002,Succeeded,20,820906,48,
2026-04-08,RPT-002,Succeeded,22,888978,16,
2026-04-09,RPT-002,Succeeded,8,1636685,64,
2026-04-10,RPT-002,Succeeded,19,1767485,4,
2026-04-11,RPT-002,Succeeded,17,1717909,67,
2026-04-12,RPT-002,Succeeded,36,436277,4,
2026-04-13,RPT-002,Succeeded,8,656754,67,
2026-04-14,RPT-002,Succeeded,4,1600037,4,
2026-04-15,RPT-002,Succeeded,25,1184715,55,
2026-04-16,RPT-002,Succeeded,9,270906,56,
2026-04-17,RPT-002,Succeeded,27,1356774,34,
2026-04-18,RPT-002,Succeeded,13,49177,4,
2026-04-19,RPT-002,Succeeded,4,461323,4,
2026-04-20,RPT-002,Succeeded,18,553899,4,
2026-04-21,RPT-002,Succeeded,12,818817,116,
2026-04-22,RPT-002,Succeeded,28,754509,54,
2026-04-23,RPT-002,Failed,5,842860,68,Permission change
2026-04-24,RPT-002,Succeeded,4,123020,21,
2026-04-25,RPT-002,Failed,12,1388662,80,Upstream file delay
2026-04-26,RPT-002,Succeeded,4,1315212,31,
2026-04-27,RPT-002,Succeeded,19,1568027,60,
2026-04-28,RPT-002,Succeeded,24,1683942,49,
2026-04-29,RPT-002,Succeeded,9,1374246,4,
2026-04-30,RPT-002,Succeeded,12,302222,21,
2026-05-01,RPT-002,Succeeded,27,23259,71,
2026-05-02,RPT-002,Succeeded,16,1522501,64,
2026-05-03,RPT-002,Succeeded,15,1796338,4,
2026-05-04,RPT-002,Succeeded,25,606419,62,
2026-03-21,RPT-003,Succeeded,8,1009120,63,
2026-03-22,RPT-003,Succeeded,28,1522723,54,
2026-03-23,RPT-003,Succeeded,4,1298517,21,
2026-03-24,RPT-003,Succeeded,31,1031786,108,
2026-03-25,RPT-003,Succeeded,17,1478600,73,
2026-03-26,RPT-003,Succeeded,19,1709457,118,
2026-03-27,RPT-003,Succeeded,16,1576286,43,
2026-03-28,RPT-003,Succeeded,15,888589,8,
2026-03-29,RPT-003,Succeeded,18,489135,29,
2026-03-30,RPT-003,Succeeded,12,1614937,56,
2026-03-31,RPT-003,Succeeded,32,98795,26,
2026-04-01,RPT-003,Succeeded,24,310289,4,
2026-04-02,RPT-003,Succeeded,24,780328,4,
2026-04-03,RPT-003,Failed,9,513394,29,Upstream file delay
2026-04-04,RPT-003,Succeeded,11,635941,47,
2026-04-05,RPT-003,Succeeded,22,31221,57,
2026-04-06,RPT-003,Succeeded,27,563405,40,
2026-04-07,RPT-003,Succeeded,9,1000340,149,
2026-04-08,RPT-003,Succeeded,28,669692,4,
2026-04-09,RPT-003,Succeeded,20,997572,4,
2026-04-10,RPT-003,Succeeded,5,205356,93,
2026-04-11,RPT-003,Succeeded,12,484653,31,
2026-04-12,RPT-003,Succeeded,27,396693,38,
2026-04-13,RPT-003,Succeeded,34,1801453,49,
2026-04-14,RPT-003,Succeeded,18,1620295,31,
2026-04-15,RPT-003,Succeeded,19,1803171,11,
2026-04-16,RPT-003,Succeeded,11,981726,4,
2026-04-17,RPT-003,Succeeded,11,1848106,4,
2026-04-18,RPT-003,Succeeded,9,1318223,4,
2026-04-19,RPT-003,Succeeded,11,1443075,41,
2026-04-20,RPT-003,Failed,24,1088773,48,Source latency
2026-04-21,RPT-003,Succeeded,29,1278343,4,
2026-04-22,RPT-003,Succeeded,12,586473,29,
2026-04-23,RPT-003,Succeeded,20,1195219,43,
2026-04-24,RPT-003,Succeeded,23,1020709,57,
2026-04-25,RPT-003,Succeeded,25,1857745,66,
2026-04-26,RPT-003,Succeeded,23,407408,14,
2026-04-27,RPT-003,Succeeded,24,721275,71,
2026-04-28,RPT-003,Succeeded,10,1100762,4,
2026-04-29,RPT-003,Succeeded,34,1207030,73,
2026-04-30,RPT-003,Succeeded,34,1335859,4,
2026-05-01,RPT-003,Succeeded,20,391628,68,
2026-05-02,RPT-003,Succeeded,15,570930,108,
2026-05-03,RPT-003,Failed,16,197785,6,Permission change
2026-05-04,RPT-003,Succeeded,18,128479,61,
2026-03-21,RPT-004,Succeeded,9,1434128,47,
2026-03-22,RPT-004,Succeeded,14,412519,41,
2026-03-23,RPT-004,Succeeded,10,1864223,32,
2026-03-24,RPT-004,Succeeded,11,388204,29,
2026-03-25,RPT-004,Succeeded,20,375482,4,
2026-03-26,RPT-004,Succeeded,14,739567,53,
2026-03-27,RPT-004,Succeeded,21,98235,84,
2026-03-28,RPT-004,Succeeded,32,1094510,103,
2026-03-29,RPT-004,Failed,13,731319,45,Schema drift
2026-03-30,RPT-004,Succeeded,15,429565,6,
2026-03-31,RPT-004,Succeeded,15,1881732,122,
2026-04-01,RPT-004,Succeeded,25,1584152,43,
2026-04-02,RPT-004,Succeeded,8,1235282,91,
2026-04-03,RPT-004,Succeeded,7,409874,50,
2026-04-04,RPT-004,Succeeded,5,1224410,51,
2026-04-05,RPT-004,Succeeded,23,920745,45,
2026-04-06,RPT-004,Succeeded,27,1604111,30,
2026-04-07,RPT-004,Succeeded,31,1881506,4,
2026-04-08,RPT-004,Succeeded,16,198188,25,
2026-04-09,RPT-004,Succeeded,17,1490814,56,
2026-04-10,RPT-004,Succeeded,25,827995,63,
2026-04-11,RPT-004,Succeeded,4,130163,55,
2026-04-12,RPT-004,Succeeded,16,1665870,30,
2026-04-13,RPT-004,Succeeded,17,451015,50,
2026-04-14,RPT-004,Failed,18,1620702,67,Upstream file delay
2026-04-15,RPT-004,Succeeded,14,1773801,4,
2026-04-16,RPT-004,Succeeded,4,553201,29,
2026-04-17,RPT-004,Succeeded,19,537910,4,
2026-04-18,RPT-004,Succeeded,11,1100420,4,
2026-04-19,RPT-004,Succeeded,18,502893,85,
2026-04-20,RPT-004,Succeeded,13,1152484,34,
2026-04-21,RPT-004,Succeeded,20,985445,4,
2026-04-22,RPT-004,Succeeded,35,103651,4,
2026-04-23,RPT-004,Succeeded,22,1424308,10,
2026-04-24,RPT-004,Succeeded,27,32428,9,
2026-04-25,RPT-004,Failed,30,1566412,20,Extract timeout
2026-04-26,RPT-004,Succeeded,14,1855566,101,
2026-04-27,RPT-004,Succeeded,33,1129224,61,
2026-04-28,RPT-004,Succeeded,20,1629375,66,
2026-04-29,RPT-004,Succeeded,22,1115797,43,
2026-04-30,RPT-004,Succeeded,15,274983,57,
2026-05-01,RPT-004,Succeeded,5,542844,57,
2026-05-02,RPT-004,Succeeded,8,272692,4,
2026-05-03,RPT-004,Succeeded,12,375452,67,
2026-05-04,RPT-004,Succeeded,18,385435,71,
2026-03-21,RPT-005,Succeeded,8,778354,30,
2026-03-22,RPT-005,Succeeded,17,1118972,42,
2026-03-23,RPT-005,Succeeded,14,219336,32,
2026-03-24,RPT-005,Succeeded,26,591454,11,
2026-03-25,RPT-005,Succeeded,17,1769363,77,
2026-03-26,RPT-005,Succeeded,19,926809,4,
2026-03-27,RPT-005,Succeeded,22,1190547,4,
2026-03-28,RPT-005,Succeeded,10,728324,4,
2026-03-29,RPT-005,Succeeded,31,711310,4,
2026-03-30,RPT-005,Succeeded,4,266152,37,
2026-03-31,RPT-005,Succeeded,19,790959,4,
2026-04-01,RPT-005,Succeeded,15,1711936,88,
2026-04-02,RPT-005,Succeeded,28,1409737,90,
2026-04-03,RPT-005,Succeeded,18,1292145,25,
2026-04-04,RPT-005,Succeeded,23,1655717,15,
2026-04-05,RPT-005,Succeeded,4,440642,74,
2026-04-06,RPT-005,Succeeded,13,1846197,39,
2026-04-07,RPT-005,Succeeded,12,171669,4,
2026-04-08,RPT-005,Succeeded,7,57619,7,
2026-04-09,RPT-005,Succeeded,5,733533,4,
2026-04-10,RPT-005,Succeeded,14,1225800,17,
2026-04-11,RPT-005,Succeeded,17,1474919,53,
2026-04-12,RPT-005,Succeeded,30,1311480,70,
2026-04-13,RPT-005,Failed,10,1103476,48,Permission change
2026-04-14,RPT-005,Succeeded,14,875964,70,
2026-04-15,RPT-005,Succeeded,20,475199,36,
2026-04-16,RPT-005,Succeeded,12,1698203,4,
2026-04-17,RPT-005,Succeeded,34,1459873,44,
2026-04-18,RPT-005,Succeeded,18,421967,4,
2026-04-19,RPT-005,Succeeded,11,357499,7,
2026-04-20,RPT-005,Succeeded,23,1281465,37,
2026-04-21,RPT-005,Succeeded,11,255920,4,
2026-04-22,RPT-005,Succeeded,19,874627,121,
2026-04-23,RPT-005,Succeeded,12,297726,65,
2026-04-24,RPT-005,Succeeded,15,753563,90,
2026-04-25,RPT-005,Succeeded,8,1101164,65,
2026-04-26,RPT-005,Succeeded,11,1745621,9,
2026-04-27,RPT-005,Succeeded,20,663961,4,
2026-04-28,RPT-005,Succeeded,8,271214,28,
2026-04-29,RPT-005,Succeeded,10,993966,36,
2026-04-30,RPT-005,Succeeded,15,910274,4,
2026-05-01,RPT-005,Succeeded,15,1556887,78,
2026-05-02,RPT-005,Succeeded,4,1110517,4,
2026-05-03,RPT-005,Succeeded,30,1039192,4,
2026-05-04,RPT-005,Succeeded,11,795976,27,
2026-03-21,RPT-006,Succeeded,23,894236,31,
2026-03-22,RPT-006,Succeeded,27,646787,31,
2026-03-23,RPT-006,Succeeded,18,850331,87,
2026-03-24,RPT-006,Succeeded,28,1178389,46,
2026-03-25,RPT-006,Succeeded,26,1152355,75,
2026-03-26,RPT-006,Succeeded,20,1157878,60,
2026-03-27,RPT-006,Succeeded,14,93063,4,
2026-03-28,RPT-006,Succeeded,24,1333172,4,
2026-03-29,RPT-006,Succeeded,4,1413857,66,
2026-03-30,RPT-006,Succeeded,13,1556593,52,
2026-03-31,RPT-006,Succeeded,8,1237649,34,
2026-04-01,RPT-006,Succeeded,28,1629408,4,
2026-04-02,RPT-006,Succeeded,28,1794994,4,
2026-04-03,RPT-006,Succeeded,16,884350,57,
2026-04-04,RPT-006,Succeeded,18,775600,41,
2026-04-05,RPT-006,Succeeded,30,115339,75,
2026-04-06,RPT-006,Succeeded,7,760773,46,
2026-04-07,RPT-006,Succeeded,20,1127212,4,
2026-04-08,RPT-006,Succeeded,10,831315,52,
2026-04-09,RPT-006,Succeeded,21,761711,82,
2026-04-10,RPT-006,Succeeded,22,500685,33,
2026-04-11,RPT-006,Succeeded,24,28263,4,
2026-04-12,RPT-006,Succeeded,21,325879,27,
2026-04-13,RPT-006,Succeeded,16,1340547,29,
2026-04-14,RPT-006,Succeeded,28,265039,101,
2026-04-15,RPT-006,Succeeded,21,163536,84,
2026-04-16,RPT-006,Succeeded,19,60522,15,
2026-04-17,RPT-006,Succeeded,18,1362390,48,
2026-04-18,RPT-006,Succeeded,14,1329100,173,
2026-04-19,RPT-006,Succeeded,10,808597,4,
2026-04-20,RPT-006,Succeeded,22,1256885,41,
2026-04-21,RPT-006,Succeeded,4,962413,8,
2026-04-22,RPT-006,Succeeded,9,575669,41,
2026-04-23,RPT-006,Succeeded,19,1820523,10,
2026-04-24,RPT-006,Succeeded,14,697899,63,
2026-04-25,RPT-006,Succeeded,28,1795874,4,
2026-04-26,RPT-006,Succeeded,17,105734,129,
2026-04-27,RPT-006,Succeeded,25,817317,46,
2026-04-28,RPT-006,Succeeded,18,614482,25,
2026-04-29,RPT-006,Succeeded,19,1371679,69,
2026-04-30,RPT-006,Succeeded,34,1346374,35,
2026-05-01,RPT-006,Succeeded,14,622242,33,
2026-05-02,RPT-006,Failed,20,1250444,45,Permission change
2026-05-03,RPT-006,Succeeded,4,232140,49,
2026-05-04,RPT-006,Succeeded,16,654181,15,
2026-03-21,RPT-007,Succeeded,9,513779,63,
2026-03-22,RPT-007,Succeeded,5,1626909,47,
2026-03-23,RPT-007,Succeeded,11,1623300,13,
2026-03-24,RPT-007,Succeeded,16,512943,30,
2026-03-25,RPT-007,Succeeded,17,1574301,76,
2026-03-26,RPT-007,Succeeded,16,1446240,26,
2026-03-27,RPT-007,Succeeded,14,866385,6,
2026-03-28,RPT-007,Succeeded,25,1658561,59,
2026-03-29,RPT-007,Succeeded,17,209320,43,
2026-03-30,RPT-007,Succeeded,9,801332,78,
2026-03-31,RPT-007,Succeeded,12,1158994,67,
2026-04-01,RPT-007,Succeeded,6,641415,93,
2026-04-02,RPT-007,Succeeded,13,1287694,84,
2026-04-03,RPT-007,Succeeded,16,542330,48,
2026-04-04,RPT-007,Succeeded,8,1271113,84,
2026-04-05,RPT-007,Succeeded,27,1205124,11,
2026-04-06,RPT-007,Succeeded,24,916463,36,
2026-04-07,RPT-007,Succeeded,17,629803,23,
2026-04-08,RPT-007,Failed,30,705564,38,Schema drift
2026-04-09,RPT-007,Succeeded,23,1336921,49,
2026-04-10,RPT-007,Succeeded,25,1262818,51,
2026-04-11,RPT-007,Succeeded,16,327941,52,
2026-04-12,RPT-007,Succeeded,4,106347,60,
2026-04-13,RPT-007,Succeeded,17,69265,66,
2026-04-14,RPT-007,Succeeded,30,195480,115,
2026-04-15,RPT-007,Succeeded,9,973382,34,
2026-04-16,RPT-007,Succeeded,10,1421897,49,
2026-04-17,RPT-007,Succeeded,21,100786,39,
2026-04-18,RPT-007,Succeeded,10,226786,53,
2026-04-19,RPT-007,Succeeded,14,950472,53,
2026-04-20,RPT-007,Succeeded,8,1792891,24,
2026-04-21,RPT-007,Succeeded,21,1449795,114,
2026-04-22,RPT-007,Succeeded,23,686541,31,
2026-04-23,RPT-007,Succeeded,19,1563345,15,
2026-04-24,RPT-007,Succeeded,13,238988,71,
2026-04-25,RPT-007,Succeeded,17,623932,127,
2026-04-26,RPT-007,Succeeded,4,511425,48,
2026-04-27,RPT-007,Failed,10,1605095,37,Extract timeout
2026-04-28,RPT-007,Succeeded,11,267217,57,
2026-04-29,RPT-007,Succeeded,13,778826,101,
2026-04-30,RPT-007,Succeeded,18,1835559,37,
2026-05-01,RPT-007,Succeeded,11,1060043,32,
2026-05-02,RPT-007,Succeeded,4,229629,49,
2026-05-03,RPT-007,Succeeded,16,1162622,50,
2026-05-04,RPT-007,Failed,7,1109739,65,Permission change
2026-03-21,RPT-008,Succeeded,10,1899161,86,
2026-03-22,RPT-008,Succeeded,4,1282702,4,
2026-03-23,RPT-008,Succeeded,17,1834969,56,
2026-03-24,RPT-008,Succeeded,4,1877308,54,
2026-03-25,RPT-008,Succeeded,4,849277,16,
2026-03-26,RPT-008,Succeeded,19,223039,38,
2026-03-27,RPT-008,Succeeded,17,81251,75,
2026-03-28,RPT-008,Succeeded,12,1046392,66,
2026-03-29,RPT-008,Succeeded,21,1874723,65,
2026-03-30,RPT-008,Succeeded,13,439978,67,
2026-03-31,RPT-008,Succeeded,17,645357,90,
2026-04-01,RPT-008,Succeeded,19,581768,32,
2026-04-02,RPT-008,Succeeded,17,1335133,4,
2026-04-03,RPT-008,Succeeded,27,833703,27,
2026-04-04,RPT-008,Succeeded,5,1349049,105,
2026-04-05,RPT-008,Succeeded,25,1836018,49,
2026-04-06,RPT-008,Succeeded,23,278644,30,
2026-04-07,RPT-008,Succeeded,22,695882,19,
2026-04-08,RPT-008,Succeeded,32,1223844,28,
2026-04-09,RPT-008,Succeeded,9,420780,84,
2026-04-10,RPT-008,Succeeded,19,187077,68,
2026-04-11,RPT-008,Succeeded,7,172814,4,
2026-04-12,RPT-008,Succeeded,12,1182578,4,
2026-04-13,RPT-008,Succeeded,5,472868,4,
2026-04-14,RPT-008,Succeeded,4,1167502,59,
2026-04-15,RPT-008,Succeeded,25,1065457,53,
2026-04-16,RPT-008,Succeeded,4,1101221,22,
2026-04-17,RPT-008,Succeeded,9,1643147,29,
2026-04-18,RPT-008,Succeeded,27,891071,17,
2026-04-19,RPT-008,Succeeded,25,1081375,29,
2026-04-20,RPT-008,Succeeded,18,203431,67,
2026-04-21,RPT-008,Succeeded,26,490187,54,
2026-04-22,RPT-008,Succeeded,21,312165,54,
2026-04-23,RPT-008,Succeeded,15,1789529,38,
2026-04-24,RPT-008,Succeeded,23,1267746,55,
2026-04-25,RPT-008,Succeeded,9,1279074,80,
2026-04-26,RPT-008,Succeeded,11,1854478,48,
2026-04-27,RPT-008,Succeeded,4,1816017,8,
2026-04-28,RPT-008,Succeeded,29,44615,37,
2026-04-29,RPT-008,Succeeded,28,1415023,13,
2026-04-30,RPT-008,Succeeded,6,338426,38,
2026-05-01,RPT-008,Succeeded,21,489100,50,
2026-05-02,RPT-008,Succeeded,34,1293733,50,
2026-05-03,RPT-008,Succeeded,5,1825931,4,
2026-05-04,RPT-008,Succeeded,22,1082294,10,
2026-03-21,RPT-009,Succeeded,14,121430,13,
2026-03-22,RPT-009,Succeeded,14,1494522,33,
2026-03-23,RPT-009,Succeeded,5,808418,56,
2026-03-24,RPT-009,Succeeded,20,1677553,56,
2026-03-25,RPT-009,Succeeded,15,1054990,69,
2026-03-26,RPT-009,Succeeded,12,1338001,4,
2026-03-27,RPT-009,Succeeded,18,102451,48,
2026-03-28,RPT-009,Succeeded,25,842240,11,
2026-03-29,RPT-009,Succeeded,13,692480,28,
2026-03-30,RPT-009,Succeeded,4,1121255,55,
2026-03-31,RPT-009,Succeeded,22,797890,35,
2026-04-01,RPT-009,Succeeded,14,947351,66,
2026-04-02,RPT-009,Succeeded,14,778724,38,
2026-04-03,RPT-009,Succeeded,4,878014,84,
2026-04-04,RPT-009,Succeeded,17,433046,69,
2026-04-05,RPT-009,Succeeded,19,1178355,73,
2026-04-06,RPT-009,Succeeded,15,1760962,39,
2026-04-07,RPT-009,Succeeded,18,543868,46,
2026-04-08,RPT-009,Succeeded,19,295968,37,
2026-04-09,RPT-009,Succeeded,15,852388,51,
2026-04-10,RPT-009,Succeeded,24,794896,84,
2026-04-11,RPT-009,Succeeded,8,643642,52,
2026-04-12,RPT-009,Succeeded,23,1069241,75,
2026-04-13,RPT-009,Succeeded,34,385872,98,
2026-04-14,RPT-009,Succeeded,4,1341938,50,
2026-04-15,RPT-009,Succeeded,28,133274,39,
2026-04-16,RPT-009,Succeeded,34,1009638,4,
2026-04-17,RPT-009,Succeeded,4,198871,10,
2026-04-18,RPT-009,Succeeded,8,1340428,49,
2026-04-19,RPT-009,Succeeded,30,1419636,34,
2026-04-20,RPT-009,Succeeded,5,1274738,4,
2026-04-21,RPT-009,Succeeded,11,511923,18,
2026-04-22,RPT-009,Succeeded,15,1863119,27,
2026-04-23,RPT-009,Succeeded,23,1673626,62,
2026-04-24,RPT-009,Succeeded,12,1622358,30,
2026-04-25,RPT-009,Succeeded,25,1111413,14,
2026-04-26,RPT-009,Succeeded,20,356721,124,
2026-04-27,RPT-009,Succeeded,26,1164373,4,
2026-04-28,RPT-009,Succeeded,18,1307812,55,
2026-04-29,RPT-009,Succeeded,13,659361,19,
2026-04-30,RPT-009,Succeeded,12,1399778,60,
2026-05-01,RPT-009,Succeeded,16,927181,72,
2026-05-02,RPT-009,Succeeded,11,192216,33,
2026-05-03,RPT-009,Failed,24,1774270,34,Schema drift
2026-05-04,RPT-009,Succeeded,28,213626,38,
2026-03-21,RPT-010,Succeeded,17,1151598,11,
2026-03-22,RPT-010,Succeeded,21,1545118,77,
2026-03-23,RPT-010,Succeeded,15,1396195,49,
2026-03-24,RPT-010,Succeeded,19,796960,63,
2026-03-25,RPT-010,Succeeded,17,1507634,92,
2026-03-26,RPT-010,Succeeded,14,1448998,70,
2026-03-27,RPT-010,Succeeded,15,185704,50,
2026-03-28,RPT-010,Succeeded,13,1734702,40,
2026-03-29,RPT-010,Succeeded,28,468033,76,
2026-03-30,RPT-010,Succeeded,16,1026534,56,
2026-03-31,RPT-010,Succeeded,10,599747,42,
2026-04-01,RPT-010,Succeeded,18,596189,78,
2026-04-02,RPT-010,Succeeded,6,1608758,4,
2026-04-03,RPT-010,Succeeded,4,944084,4,
2026-04-04,RPT-010,Succeeded,18,28615,96,
2026-04-05,RPT-010,Succeeded,4,1781752,132,
2026-04-06,RPT-010,Succeeded,10,207516,69,
2026-04-07,RPT-010,Succeeded,9,900279,78,
2026-04-08,RPT-010,Succeeded,33,758621,31,
2026-04-09,RPT-010,Succeeded,15,937708,30,
2026-04-10,RPT-010,Succeeded,11,178516,35,
2026-04-11,RPT-010,Succeeded,4,1024988,75,
2026-04-12,RPT-010,Succeeded,13,1781356,84,
2026-04-13,RPT-010,Succeeded,31,281219,31,
2026-04-14,RPT-010,Succeeded,29,613644,39,
2026-04-15,RPT-010,Succeeded,26,1498966,29,
2026-04-16,RPT-010,Succeeded,22,627421,59,
2026-04-17,RPT-010,Succeeded,26,1657621,75,
2026-04-18,RPT-010,Succeeded,18,699891,38,
2026-04-19,RPT-010,Succeeded,4,46426,37,
2026-04-20,RPT-010,Succeeded,6,57863,7,
2026-04-21,RPT-010,Succeeded,26,852405,4,
2026-04-22,RPT-010,Succeeded,13,1822644,4,
2026-04-23,RPT-010,Succeeded,7,1258588,55,
2026-04-24,RPT-010,Succeeded,16,492290,4,
2026-04-25,RPT-010,Succeeded,8,1793027,30,
2026-04-26,RPT-010,Succeeded,7,178420,38,
2026-04-27,RPT-010,Succeeded,27,1446547,14,
2026-04-28,RPT-010,Succeeded,18,1866096,34,
2026-04-29,RPT-010,Succeeded,5,1121022,54,
2026-04-30,RPT-010,Succeeded,4,1164782,72,
2026-05-01,RPT-010,Succeeded,23,391079,70,
2026-05-02,RPT-010,Failed,41,1757593,20,Permission change
2026-05-03,RPT-010,Succeeded,8,644865,40,
2026-05-04,RPT-010,Succeeded,31,622923,73,
2026-03-21,RPT-011,Succeeded,23,56009,62,
2026-03-22,RPT-011,Succeeded,19,205574,4,
2026-03-23,RPT-011,Succeeded,13,816008,39,
2026-03-24,RPT-011,Succeeded,18,1788095,4,
2026-03-25,RPT-011,Succeeded,19,134641,85,
2026-03-26,RPT-011,Succeeded,11,1307355,95,
2026-03-27,RPT-011,Succeeded,22,978546,15,
2026-03-28,RPT-011,Succeeded,14,681670,11,
2026-03-29,RPT-011,Succeeded,19,1657499,57,
2026-03-30,RPT-011,Succeeded,17,404611,15,
2026-03-31,RPT-011,Succeeded,6,1651957,26,
2026-04-01,RPT-011,Succeeded,10,217416,27,
2026-04-02,RPT-011,Succeeded,21,1300923,4,
2026-04-03,RPT-011,Succeeded,14,903903,47,
2026-04-04,RPT-011,Succeeded,16,323874,57,
2026-04-05,RPT-011,Succeeded,15,148061,95,
2026-04-06,RPT-011,Succeeded,8,1142156,40,
2026-04-07,RPT-011,Succeeded,19,1144696,42,
2026-04-08,RPT-011,Succeeded,14,1746919,83,
2026-04-09,RPT-011,Succeeded,25,1484169,45,
2026-04-10,RPT-011,Succeeded,16,1199226,7,
2026-04-11,RPT-011,Succeeded,25,1208841,95,
2026-04-12,RPT-011,Succeeded,15,911039,21,
2026-04-13,RPT-011,Succeeded,25,1170936,4,
2026-04-14,RPT-011,Succeeded,20,289404,99,
2026-04-15,RPT-011,Succeeded,31,924998,117,
2026-04-16,RPT-011,Succeeded,12,1238374,66,
2026-04-17,RPT-011,Succeeded,10,466562,80,
2026-04-18,RPT-011,Succeeded,17,524986,76,
2026-04-19,RPT-011,Succeeded,16,1750288,147,
2026-04-20,RPT-011,Succeeded,25,1492872,60,
2026-04-21,RPT-011,Succeeded,25,1738666,45,
2026-04-22,RPT-011,Succeeded,16,945222,63,
2026-04-23,RPT-011,Succeeded,35,1463151,72,
2026-04-24,RPT-011,Succeeded,20,953214,69,
2026-04-25,RPT-011,Succeeded,18,165449,4,
2026-04-26,RPT-011,Succeeded,36,965872,15,
2026-04-27,RPT-011,Succeeded,4,92899,32,
2026-04-28,RPT-011,Succeeded,20,367387,34,
2026-04-29,RPT-011,Succeeded,7,1507845,36,
2026-04-30,RPT-011,Succeeded,18,1832298,82,
2026-05-01,RPT-011,Succeeded,27,1854630,45,
2026-05-02,RPT-011,Succeeded,19,1417981,48,
2026-05-03,RPT-011,Succeeded,16,578959,4,
2026-05-04,RPT-011,Succeeded,32,282936,87,
2026-03-21,RPT-012,Succeeded,17,63392,64,
2026-03-22,RPT-012,Succeeded,26,1807698,44,
2026-03-23,RPT-012,Succeeded,27,1548925,55,
2026-03-24,RPT-012,Succeeded,19,326299,4,
2026-03-25,RPT-012,Succeeded,19,244200,4,
2026-03-26,RPT-012,Succeeded,12,1161265,43,
2026-03-27,RPT-012,Succeeded,17,976243,22,
2026-03-28,RPT-012,Succeeded,23,1364754,4,
2026-03-29,RPT-012,Succeeded,23,662212,53,
2026-03-30,RPT-012,Succeeded,20,294864,4,
2026-03-31,RPT-012,Succeeded,9,1274309,4,
2026-04-01,RPT-012,Succeeded,14,1180604,4,
2026-04-02,RPT-012,Succeeded,23,1174857,37,
2026-04-03,RPT-012,Succeeded,19,939367,8,
2026-04-04,RPT-012,Succeeded,20,376587,29,
2026-04-05,RPT-012,Succeeded,4,364203,114,
2026-04-06,RPT-012,Succeeded,25,986369,46,
2026-04-07,RPT-012,Succeeded,11,1486832,4,
2026-04-08,RPT-012,Succeeded,14,1727083,79,
2026-04-09,RPT-012,Succeeded,4,130073,27,
2026-04-10,RPT-012,Succeeded,5,332845,80,
2026-04-11,RPT-012,Succeeded,20,1419786,47,
2026-04-12,RPT-012,Succeeded,28,585249,83,
2026-04-13,RPT-012,Succeeded,32,238388,41,
2026-04-14,RPT-012,Succeeded,9,392550,66,
2026-04-15,RPT-012,Succeeded,35,856458,57,
2026-04-16,RPT-012,Succeeded,21,1556903,33,
2026-04-17,RPT-012,Succeeded,12,396754,65,
2026-04-18,RPT-012,Succeeded,21,163610,74,
2026-04-19,RPT-012,Succeeded,18,1258431,48,
2026-04-20,RPT-012,Succeeded,16,767307,67,
2026-04-21,RPT-012,Succeeded,17,739498,44,
2026-04-22,RPT-012,Succeeded,24,616504,4,
2026-04-23,RPT-012,Succeeded,9,276801,29,
2026-04-24,RPT-012,Succeeded,4,1677536,48,
2026-04-25,RPT-012,Succeeded,4,1703644,61,
2026-04-26,RPT-012,Succeeded,19,1183195,87,
2026-04-27,RPT-012,Succeeded,34,665384,63,
2026-04-28,RPT-012,Succeeded,20,608671,64,
2026-04-29,RPT-012,Succeeded,15,1227563,4,
2026-04-30,RPT-012,Succeeded,10,437350,4,
2026-05-01,RPT-012,Succeeded,23,551197,85,
2026-05-02,RPT-012,Succeeded,22,990139,60,
2026-05-03,RPT-012,Succeeded,19,933946,4,
2026-05-04,RPT-012,Succeeded,21,1750007,4,
2026-03-21,RPT-013,Succeeded,11,1721735,45,
2026-03-22,RPT-013,Succeeded,12,258184,36,
2026-03-23,RPT-013,Succeeded,18,642200,72,
2026-03-24,RPT-013,Succeeded,4,1413610,83,
2026-03-25,RPT-013,Succeeded,27,677688,95,
2026-03-26,RPT-013,Succeeded,21,901241,4,
2026-03-27,RPT-013,Succeeded,13,605561,106,
2026-03-28,RPT-013,Succeeded,27,773075,13,
2026-03-29,RPT-013,Succeeded,16,1354238,73,
2026-03-30,RPT-013,Succeeded,23,1472529,4,
2026-03-31,RPT-013,Succeeded,10,475612,120,
2026-04-01,RPT-013,Succeeded,25,1781062,65,
2026-04-02,RPT-013,Succeeded,16,452841,34,
2026-04-03,RPT-013,Succeeded,25,1353168,28,
2026-04-04,RPT-013,Succeeded,14,1271295,4,
2026-04-05,RPT-013,Succeeded,24,895821,20,
2026-04-06,RPT-013,Succeeded,11,850067,9,
2026-04-07,RPT-013,Succeeded,23,1516255,4,
2026-04-08,RPT-013,Succeeded,13,842182,85,
2026-04-09,RPT-013,Succeeded,18,601705,4,
2026-04-10,RPT-013,Succeeded,18,315404,74,
2026-04-11,RPT-013,Succeeded,5,1575985,70,
2026-04-12,RPT-013,Succeeded,12,612950,4,
2026-04-13,RPT-013,Succeeded,14,269647,94,
2026-04-14,RPT-013,Succeeded,18,1217978,48,
2026-04-15,RPT-013,Succeeded,12,1772563,90,
2026-04-16,RPT-013,Succeeded,19,1314352,31,
2026-04-17,RPT-013,Succeeded,19,1619395,77,
2026-04-18,RPT-013,Succeeded,10,1414928,29,
2026-04-19,RPT-013,Succeeded,24,759186,22,
2026-04-20,RPT-013,Succeeded,4,94265,60,
2026-04-21,RPT-013,Succeeded,22,553898,43,
2026-04-22,RPT-013,Succeeded,7,93250,33,
2026-04-23,RPT-013,Succeeded,14,461892,38,
2026-04-24,RPT-013,Succeeded,14,253426,136,
2026-04-25,RPT-013,Succeeded,11,281792,57,
2026-04-26,RPT-013,Succeeded,11,1544840,26,
2026-04-27,RPT-013,Succeeded,21,1194372,4,
2026-04-28,RPT-013,Succeeded,8,1677006,122,
2026-04-29,RPT-013,Succeeded,20,220979,4,
2026-04-30,RPT-013,Succeeded,23,1306103,26,
2026-05-01,RPT-013,Succeeded,16,380508,4,
2026-05-02,RPT-013,Succeeded,28,251224,68,
2026-05-03,RPT-013,Succeeded,7,472490,112,
2026-05-04,RPT-013,Succeeded,26,246956,57,
2026-03-21,RPT-014,Succeeded,17,1167103,20,
2026-03-22,RPT-014,Failed,17,439722,100,Upstream file delay
2026-03-23,RPT-014,Succeeded,22,1751325,57,
2026-03-24,RPT-014,Succeeded,10,345282,16,
2026-03-25,RPT-014,Succeeded,12,671367,18,
2026-03-26,RPT-014,Succeeded,21,150536,43,
2026-03-27,RPT-014,Succeeded,23,874518,35,
2026-03-28,RPT-014,Succeeded,24,265917,34,
2026-03-29,RPT-014,Succeeded,12,804200,48,
2026-03-30,RPT-014,Succeeded,25,752203,4,
2026-03-31,RPT-014,Failed,19,1242819,75,Upstream file delay
2026-04-01,RPT-014,Succeeded,13,1410906,48,
2026-04-02,RPT-014,Succeeded,27,1713601,88,
2026-04-03,RPT-014,Succeeded,33,405252,30,
2026-04-04,RPT-014,Succeeded,16,814024,98,
2026-04-05,RPT-014,Succeeded,24,440216,80,
2026-04-06,RPT-014,Succeeded,24,182142,4,
2026-04-07,RPT-014,Succeeded,4,558791,4,
2026-04-08,RPT-014,Failed,14,629198,54,Extract timeout
2026-04-09,RPT-014,Succeeded,16,1525116,40,
2026-04-10,RPT-014,Succeeded,15,558617,90,
2026-04-11,RPT-014,Succeeded,9,910673,80,
2026-04-12,RPT-014,Succeeded,23,246636,50,
2026-04-13,RPT-014,Succeeded,20,512016,26,
2026-04-14,RPT-014,Succeeded,10,1322200,4,
2026-04-15,RPT-014,Succeeded,22,1069539,20,
2026-04-16,RPT-014,Failed,28,828595,46,Permission change
2026-04-17,RPT-014,Succeeded,13,1088931,72,
2026-04-18,RPT-014,Succeeded,6,1818477,43,
2026-04-19,RPT-014,Succeeded,21,1443638,57,
2026-04-20,RPT-014,Succeeded,6,726990,38,
2026-04-21,RPT-014,Failed,17,1564950,35,Upstream file delay
2026-04-22,RPT-014,Failed,23,1449822,10,Upstream file delay
2026-04-23,RPT-014,Succeeded,22,911552,41,
2026-04-24,RPT-014,Succeeded,23,466188,119,
2026-04-25,RPT-014,Succeeded,16,1464718,4,
2026-04-26,RPT-014,Succeeded,17,980354,90,
2026-04-27,RPT-014,Succeeded,13,184617,46,
2026-04-28,RPT-014,Succeeded,13,770011,112,
2026-04-29,RPT-014,Succeeded,18,1314032,22,
2026-04-30,RPT-014,Succeeded,15,374896,121,
2026-05-01,RPT-014,Succeeded,16,1685017,24,
2026-05-02,RPT-014,Succeeded,4,1872523,40,
2026-05-03,RPT-014,Succeeded,16,818977,4,
2026-05-04,RPT-014,Failed,26,992455,60,Permission change
2026-03-21,RPT-015,Succeeded,15,606420,46,
2026-03-22,RPT-015,Succeeded,18,1113801,76,
2026-03-23,RPT-015,Succeeded,25,1683025,103,
2026-03-24,RPT-015,Succeeded,21,292079,22,
2026-03-25,RPT-015,Succeeded,15,1163676,54,
2026-03-26,RPT-015,Succeeded,19,1256455,92,
2026-03-27,RPT-015,Succeeded,9,1690686,4,
2026-03-28,RPT-015,Succeeded,29,1847083,54,
2026-03-29,RPT-015,Succeeded,12,1318624,39,
2026-03-30,RPT-015,Succeeded,21,1482456,67,
2026-03-31,RPT-015,Succeeded,13,762226,7,
2026-04-01,RPT-015,Succeeded,19,1443797,9,
2026-04-02,RPT-015,Succeeded,22,273408,47,
2026-04-03,RPT-015,Succeeded,22,1075782,6,
2026-04-04,RPT-015,Succeeded,9,1013763,76,
2026-04-05,RPT-015,Succeeded,11,1100613,27,
2026-04-06,RPT-015,Succeeded,9,882543,8,
2026-04-07,RPT-015,Succeeded,23,1767467,39,
2026-04-08,RPT-015,Succeeded,23,1204911,75,
2026-04-09,RPT-015,Succeeded,15,1347712,57,
2026-04-10,RPT-015,Succeeded,16,1755600,16,
2026-04-11,RPT-015,Succeeded,11,952118,63,
2026-04-12,RPT-015,Succeeded,13,1071762,36,
2026-04-13,RPT-015,Succeeded,18,1639967,36,
2026-04-14,RPT-015,Succeeded,16,22047,107,
2026-04-15,RPT-015,Succeeded,20,1258513,41,
2026-04-16,RPT-015,Succeeded,25,758046,78,
2026-04-17,RPT-015,Succeeded,5,1100432,29,
2026-04-18,RPT-015,Succeeded,15,945299,103,
2026-04-19,RPT-015,Succeeded,10,79100,12,
2026-04-20,RPT-015,Succeeded,8,386588,119,
2026-04-21,RPT-015,Succeeded,24,799341,8,
2026-04-22,RPT-015,Succeeded,28,1019181,87,
2026-04-23,RPT-015,Succeeded,17,664584,4,
2026-04-24,RPT-015,Succeeded,35,1591865,6,
2026-04-25,RPT-015,Succeeded,17,1805391,77,
2026-04-26,RPT-015,Succeeded,18,653567,5,
2026-04-27,RPT-015,Succeeded,15,968326,22,
2026-04-28,RPT-015,Succeeded,14,65441,27,
2026-04-29,RPT-015,Succeeded,13,305940,43,
2026-04-30,RPT-015,Failed,37,790022,4,Upstream file delay
2026-05-01,RPT-015,Succeeded,17,1312202,106,
2026-05-02,RPT-015,Succeeded,4,1403569,81,
2026-05-03,RPT-015,Succeeded,5,1448482,4,
2026-05-04,RPT-015,Succeeded,8,803019,4,
2026-03-21,RPT-016,Succeeded,24,1205819,51,
2026-03-22,RPT-016,Succeeded,18,1266543,105,
2026-03-23,RPT-016,Succeeded,37,1327816,4,
2026-03-24,RPT-016,Succeeded,10,768949,41,
2026-03-25,RPT-016,Succeeded,19,938390,63,
2026-03-26,RPT-016,Succeeded,24,1245434,52,
2026-03-27,RPT-016,Succeeded,14,688384,90,
2026-03-28,RPT-016,Succeeded,19,1782773,28,
2026-03-29,RPT-016,Succeeded,10,1538656,140,
2026-03-30,RPT-016,Succeeded,30,1839016,16,
2026-03-31,RPT-016,Succeeded,25,1395511,76,
2026-04-01,RPT-016,Succeeded,13,517783,11,
2026-04-02,RPT-016,Succeeded,6,512303,98,
2026-04-03,RPT-016,Succeeded,21,469951,13,
2026-04-04,RPT-016,Succeeded,27,941658,60,
2026-04-05,RPT-016,Succeeded,29,764717,35,
2026-04-06,RPT-016,Succeeded,8,296018,50,
2026-04-07,RPT-016,Succeeded,6,842148,93,
2026-04-08,RPT-016,Succeeded,28,1466555,97,
2026-04-09,RPT-016,Succeeded,22,1687126,11,
2026-04-10,RPT-016,Succeeded,10,1730486,74,
2026-04-11,RPT-016,Succeeded,17,885840,51,
2026-04-12,RPT-016,Succeeded,26,1418531,33,
2026-04-13,RPT-016,Succeeded,24,972188,81,
2026-04-14,RPT-016,Succeeded,13,1072119,15,
2026-04-15,RPT-016,Succeeded,24,1622139,37,
2026-04-16,RPT-016,Succeeded,11,1163453,18,
2026-04-17,RPT-016,Succeeded,20,1001726,84,
2026-04-18,RPT-016,Succeeded,20,589798,59,
2026-04-19,RPT-016,Succeeded,22,634803,54,
2026-04-20,RPT-016,Succeeded,18,1687301,4,
2026-04-21,RPT-016,Succeeded,19,1780459,7,
2026-04-22,RPT-016,Succeeded,19,1251670,53,
2026-04-23,RPT-016,Succeeded,16,559065,4,
2026-04-24,RPT-016,Succeeded,30,1284311,4,
2026-04-25,RPT-016,Succeeded,4,558847,83,
2026-04-26,RPT-016,Succeeded,25,168555,36,
2026-04-27,RPT-016,Succeeded,14,621735,21,
2026-04-28,RPT-016,Succeeded,22,1793025,64,
2026-04-29,RPT-016,Succeeded,9,563722,103,
2026-04-30,RPT-016,Succeeded,21,1192700,4,
2026-05-01,RPT-016,Succeeded,16,776973,33,
2026-05-02,RPT-016,Succeeded,30,1892427,98,
2026-05-03,RPT-016,Succeeded,13,753575,23,
2026-05-04,RPT-016,Succeeded,24,1319302,62,
2026-03-21,RPT-017,Succeeded,11,756964,4,
2026-03-22,RPT-017,Succeeded,25,1835492,93,
2026-03-23,RPT-017,Succeeded,10,1761873,99,
2026-03-24,RPT-017,Succeeded,15,1690715,41,
2026-03-25,RPT-017,Succeeded,20,1819640,4,
2026-03-26,RPT-017,Succeeded,25,821499,4,
2026-03-27,RPT-017,Succeeded,33,1853208,50,
2026-03-28,RPT-017,Failed,17,738333,7,Source latency
2026-03-29,RPT-017,Succeeded,15,202778,77,
2026-03-30,RPT-017,Succeeded,22,64129,97,
2026-03-31,RPT-017,Succeeded,16,1538736,4,
2026-04-01,RPT-017,Succeeded,15,441920,47,
2026-04-02,RPT-017,Succeeded,33,1732062,41,
2026-04-03,RPT-017,Succeeded,18,1567117,84,
2026-04-04,RPT-017,Succeeded,16,1422145,61,
2026-04-05,RPT-017,Succeeded,23,186296,88,
2026-04-06,RPT-017,Failed,19,1860314,38,Upstream file delay
2026-04-07,RPT-017,Succeeded,23,1169681,67,
2026-04-08,RPT-017,Succeeded,22,1149473,19,
2026-04-09,RPT-017,Succeeded,11,1007272,90,
2026-04-10,RPT-017,Succeeded,22,1381184,133,
2026-04-11,RPT-017,Succeeded,9,697171,67,
2026-04-12,RPT-017,Succeeded,15,1298926,8,
2026-04-13,RPT-017,Succeeded,17,1796102,4,
2026-04-14,RPT-017,Succeeded,27,469357,60,
2026-04-15,RPT-017,Succeeded,10,1414466,16,
2026-04-16,RPT-017,Succeeded,15,1343692,59,
2026-04-17,RPT-017,Succeeded,16,1734972,4,
2026-04-18,RPT-017,Succeeded,4,552776,4,
2026-04-19,RPT-017,Succeeded,28,1177716,46,
2026-04-20,RPT-017,Succeeded,4,567939,64,
2026-04-21,RPT-017,Succeeded,15,1707577,34,
2026-04-22,RPT-017,Succeeded,17,1730429,32,
2026-04-23,RPT-017,Succeeded,37,667236,124,
2026-04-24,RPT-017,Succeeded,25,84307,4,
2026-04-25,RPT-017,Succeeded,14,902831,26,
2026-04-26,RPT-017,Failed,19,542137,51,Extract timeout
2026-04-27,RPT-017,Succeeded,14,1088980,36,
2026-04-28,RPT-017,Failed,25,1277314,18,Upstream file delay
2026-04-29,RPT-017,Succeeded,13,1125371,24,
2026-04-30,RPT-017,Failed,22,24853,63,Upstream file delay
2026-05-01,RPT-017,Succeeded,15,548618,100,
2026-05-02,RPT-017,Succeeded,20,1786035,24,
2026-05-03,RPT-017,Succeeded,11,205459,77,
2026-05-04,RPT-017,Succeeded,19,1444674,37,
2026-03-21,RPT-018,Succeeded,31,33880,79,
2026-03-22,RPT-018,Succeeded,9,1666772,86,
2026-03-23,RPT-018,Succeeded,8,1359637,93,
2026-03-24,RPT-018,Succeeded,23,203614,59,
2026-03-25,RPT-018,Succeeded,5,1835276,67,
2026-03-26,RPT-018,Failed,26,1092547,45,Upstream file delay
2026-03-27,RPT-018,Succeeded,6,1364692,4,
2026-03-28,RPT-018,Succeeded,16,521235,27,
2026-03-29,RPT-018,Succeeded,12,1081408,52,
2026-03-30,RPT-018,Succeeded,24,1233210,31,
2026-03-31,RPT-018,Succeeded,15,1602188,31,
2026-04-01,RPT-018,Succeeded,17,1189351,74,
2026-04-02,RPT-018,Succeeded,34,439149,68,
2026-04-03,RPT-018,Succeeded,4,1510092,86,
2026-04-04,RPT-018,Succeeded,4,1532689,4,
2026-04-05,RPT-018,Succeeded,8,536143,58,
2026-04-06,RPT-018,Succeeded,21,1765689,46,
2026-04-07,RPT-018,Succeeded,22,1400667,4,
2026-04-08,RPT-018,Succeeded,21,710475,31,
2026-04-09,RPT-018,Succeeded,12,745608,96,
2026-04-10,RPT-018,Succeeded,9,100472,11,
2026-04-11,RPT-018,Succeeded,4,923090,47,
2026-04-12,RPT-018,Succeeded,11,978715,49,
2026-04-13,RPT-018,Succeeded,24,1112144,4,
2026-04-14,RPT-018,Succeeded,25,1076795,66,
2026-04-15,RPT-018,Succeeded,17,116504,4,
2026-04-16,RPT-018,Succeeded,25,85360,4,
2026-04-17,RPT-018,Succeeded,27,780275,38,
2026-04-18,RPT-018,Succeeded,5,1452285,33,
2026-04-19,RPT-018,Succeeded,17,790896,17,
2026-04-20,RPT-018,Succeeded,8,1262067,60,
2026-04-21,RPT-018,Succeeded,6,292684,76,
2026-04-22,RPT-018,Succeeded,25,819309,14,
2026-04-23,RPT-018,Succeeded,20,33895,7,
2026-04-24,RPT-018,Succeeded,13,1596205,26,
2026-04-25,RPT-018,Succeeded,19,77674,24,
2026-04-26,RPT-018,Succeeded,20,863263,59,
2026-04-27,RPT-018,Succeeded,16,1729031,4,
2026-04-28,RPT-018,Succeeded,7,827659,12,
2026-04-29,RPT-018,Succeeded,17,497938,22,
2026-04-30,RPT-018,Succeeded,4,1388958,34,
2026-05-01,RPT-018,Succeeded,21,1566328,84,
2026-05-02,RPT-018,Succeeded,13,1340220,109,
2026-05-03,RPT-018,Succeeded,14,1079553,4,
2026-05-04,RPT-018,Succeeded,12,1287579,82,
2026-03-21,RPT-019,Succeeded,33,165463,4,
2026-03-22,RPT-019,Succeeded,10,499183,4,
2026-03-23,RPT-019,Succeeded,23,283239,50,
2026-03-24,RPT-019,Succeeded,4,646411,4,
2026-03-25,RPT-019,Succeeded,9,545979,38,
2026-03-26,RPT-019,Succeeded,16,887675,15,
2026-03-27,RPT-019,Succeeded,30,1454532,54,
2026-03-28,RPT-019,Succeeded,23,220459,34,
2026-03-29,RPT-019,Succeeded,18,1402439,81,
2026-03-30,RPT-019,Succeeded,17,621639,4,
2026-03-31,RPT-019,Succeeded,14,480954,45,
2026-04-01,RPT-019,Succeeded,11,1771453,30,
2026-04-02,RPT-019,Succeeded,16,296256,63,
2026-04-03,RPT-019,Succeeded,30,1429458,60,
2026-04-04,RPT-019,Succeeded,8,1067865,83,
2026-04-05,RPT-019,Failed,23,896248,4,Upstream file delay
2026-04-06,RPT-019,Succeeded,17,1416067,4,
2026-04-07,RPT-019,Succeeded,15,1863970,36,
2026-04-08,RPT-019,Succeeded,31,595782,49,
2026-04-09,RPT-019,Succeeded,23,55382,57,
2026-04-10,RPT-019,Succeeded,5,1845150,24,
2026-04-11,RPT-019,Succeeded,25,906563,100,
2026-04-12,RPT-019,Succeeded,33,491318,4,
2026-04-13,RPT-019,Succeeded,10,1478499,110,
2026-04-14,RPT-019,Succeeded,14,1563192,50,
2026-04-15,RPT-019,Succeeded,26,1671870,54,
2026-04-16,RPT-019,Succeeded,17,1510971,4,
2026-04-17,RPT-019,Succeeded,14,1898162,53,
2026-04-18,RPT-019,Succeeded,19,249703,26,
2026-04-19,RPT-019,Succeeded,26,1805577,64,
2026-04-20,RPT-019,Succeeded,9,1094304,68,
2026-04-21,RPT-019,Succeeded,26,1077359,62,
2026-04-22,RPT-019,Succeeded,12,1013239,4,
2026-04-23,RPT-019,Succeeded,19,934515,47,
2026-04-24,RPT-019,Succeeded,12,562456,19,
2026-04-25,RPT-019,Succeeded,17,701976,64,
2026-04-26,RPT-019,Succeeded,13,455867,4,
2026-04-27,RPT-019,Succeeded,21,1786120,27,
2026-04-28,RPT-019,Failed,8,1871672,4,Extract timeout
2026-04-29,RPT-019,Succeeded,28,837895,38,
2026-04-30,RPT-019,Succeeded,14,1585593,21,
2026-05-01,RPT-019,Succeeded,7,34034,12,
2026-05-02,RPT-019,Succeeded,17,1148409,30,
2026-05-03,RPT-019,Succeeded,4,24943,100,
2026-05-04,RPT-019,Succeeded,13,1778203,51,
2026-03-21,RPT-020,Succeeded,5,1492352,66,
2026-03-22,RPT-020,Succeeded,11,160731,80,
2026-03-23,RPT-020,Succeeded,26,1518843,71,
2026-03-24,RPT-020,Succeeded,14,422702,8,
2026-03-25,RPT-020,Succeeded,30,644921,41,
2026-03-26,RPT-020,Succeeded,12,1195408,4,
2026-03-27,RPT-020,Succeeded,15,494478,54,
2026-03-28,RPT-020,Succeeded,13,824945,99,
2026-03-29,RPT-020,Succeeded,18,366252,56,
2026-03-30,RPT-020,Succeeded,10,1853026,4,
2026-03-31,RPT-020,Succeeded,26,1282575,29,
2026-04-01,RPT-020,Succeeded,18,1726143,54,
2026-04-02,RPT-020,Succeeded,19,1386306,51,
2026-04-03,RPT-020,Succeeded,6,463289,4,
2026-04-04,RPT-020,Succeeded,17,828146,55,
2026-04-05,RPT-020,Failed,17,1694026,66,Upstream file delay
2026-04-06,RPT-020,Succeeded,4,770201,4,
2026-04-07,RPT-020,Succeeded,18,986090,103,
2026-04-08,RPT-020,Succeeded,29,1339985,26,
2026-04-09,RPT-020,Succeeded,15,1255942,39,
2026-04-10,RPT-020,Succeeded,15,283062,51,
2026-04-11,RPT-020,Succeeded,4,1578833,138,
2026-04-12,RPT-020,Failed,10,644859,45,Source latency
2026-04-13,RPT-020,Succeeded,17,1262076,52,
2026-04-14,RPT-020,Succeeded,21,687705,26,
2026-04-15,RPT-020,Succeeded,16,803333,26,
2026-04-16,RPT-020,Succeeded,27,554095,32,
2026-04-17,RPT-020,Succeeded,20,1835633,73,
2026-04-18,RPT-020,Succeeded,16,1595851,120,
2026-04-19,RPT-020,Succeeded,19,679227,77,
2026-04-20,RPT-020,Succeeded,13,460668,52,
2026-04-21,RPT-020,Succeeded,21,747361,34,
2026-04-22,RPT-020,Succeeded,20,494638,4,
2026-04-23,RPT-020,Succeeded,25,529971,81,
2026-04-24,RPT-020,Succeeded,28,1839191,25,
2026-04-25,RPT-020,Succeeded,5,131496,55,
2026-04-26,RPT-020,Succeeded,16,461131,26,
2026-04-27,RPT-020,Succeeded,9,1569981,82,
2026-04-28,RPT-020,Succeeded,20,235772,53,
2026-04-29,RPT-020,Succeeded,27,471071,53,
2026-04-30,RPT-020,Succeeded,25,1213333,57,
2026-05-01,RPT-020,Succeeded,17,1386561,55,
2026-05-02,RPT-020,Succeeded,22,1286189,105,
2026-05-03,RPT-020,Succeeded,10,1720385,8,
2026-05-04,RPT-020,Succeeded,21,1818236,35,
2026-03-21,RPT-021,Succeeded,20,1200378,33,
2026-03-22,RPT-021,Succeeded,28,1351442,16,
2026-03-23,RPT-021,Succeeded,21,1621122,62,
2026-03-24,RPT-021,Succeeded,31,1107056,43,
2026-03-25,RPT-021,Succeeded,23,792386,42,
2026-03-26,RPT-021,Succeeded,9,1156230,32,
2026-03-27,RPT-021,Succeeded,18,1738062,4,
2026-03-28,RPT-021,Succeeded,8,1185027,44,
2026-03-29,RPT-021,Succeeded,23,896132,54,
2026-03-30,RPT-021,Succeeded,19,740213,65,
2026-03-31,RPT-021,Succeeded,4,1531398,25,
2026-04-01,RPT-021,Succeeded,15,1539628,44,
2026-04-02,RPT-021,Succeeded,6,1007432,17,
2026-04-03,RPT-021,Failed,18,1034219,53,Permission change
2026-04-04,RPT-021,Succeeded,26,338761,98,
2026-04-05,RPT-021,Succeeded,10,1176576,9,
2026-04-06,RPT-021,Failed,14,1227159,78,Upstream file delay
2026-04-07,RPT-021,Succeeded,22,416935,4,
2026-04-08,RPT-021,Succeeded,14,1896123,34,
2026-04-09,RPT-021,Succeeded,11,891631,78,
2026-04-10,RPT-021,Succeeded,16,131380,28,
2026-04-11,RPT-021,Succeeded,22,546791,6,
2026-04-12,RPT-021,Succeeded,23,901701,37,
2026-04-13,RPT-021,Succeeded,23,1385171,4,
2026-04-14,RPT-021,Succeeded,21,564470,32,
2026-04-15,RPT-021,Succeeded,8,165561,59,
2026-04-16,RPT-021,Succeeded,4,1869912,61,
2026-04-17,RPT-021,Succeeded,14,1493825,53,
2026-04-18,RPT-021,Succeeded,12,1107314,14,
2026-04-19,RPT-021,Succeeded,19,1472682,39,
2026-04-20,RPT-021,Succeeded,23,275722,29,
2026-04-21,RPT-021,Failed,20,556623,49,Source latency
2026-04-22,RPT-021,Succeeded,19,1361147,66,
2026-04-23,RPT-021,Succeeded,22,42124,4,
2026-04-24,RPT-021,Succeeded,12,756015,71,
2026-04-25,RPT-021,Succeeded,25,1701283,14,
2026-04-26,RPT-021,Succeeded,28,623454,52,
2026-04-27,RPT-021,Succeeded,29,1138050,51,
2026-04-28,RPT-021,Succeeded,26,1492099,40,
2026-04-29,RPT-021,Succeeded,6,1136048,82,
2026-04-30,RPT-021,Succeeded,15,681161,82,
2026-05-01,RPT-021,Succeeded,12,1384048,42,
2026-05-02,RPT-021,Succeeded,5,42925,67,
2026-05-03,RPT-021,Succeeded,25,1017145,19,
2026-05-04,RPT-021,Succeeded,28,117144,29,
2026-03-21,RPT-022,Succeeded,10,1822676,84,
2026-03-22,RPT-022,Succeeded,10,935687,51,
2026-03-23,RPT-022,Succeeded,16,31605,68,
2026-03-24,RPT-022,Succeeded,15,726762,34,
2026-03-25,RPT-022,Succeeded,29,1427536,55,
2026-03-26,RPT-022,Succeeded,20,1643487,108,
2026-03-27,RPT-022,Succeeded,21,205131,28,
2026-03-28,RPT-022,Succeeded,12,1453055,48,
2026-03-29,RPT-022,Succeeded,12,1476549,128,
2026-03-30,RPT-022,Succeeded,7,509551,44,
2026-03-31,RPT-022,Succeeded,21,1893590,47,
2026-04-01,RPT-022,Succeeded,15,1581041,28,
2026-04-02,RPT-022,Succeeded,10,817252,110,
2026-04-03,RPT-022,Succeeded,25,114437,115,
2026-04-04,RPT-022,Succeeded,26,1499202,33,
2026-04-05,RPT-022,Succeeded,12,1459973,79,
2026-04-06,RPT-022,Succeeded,4,797678,90,
2026-04-07,RPT-022,Succeeded,25,201930,89,
2026-04-08,RPT-022,Succeeded,4,380768,80,
2026-04-09,RPT-022,Succeeded,6,114896,80,
2026-04-10,RPT-022,Succeeded,13,1203361,44,
2026-04-11,RPT-022,Succeeded,14,244643,4,
2026-04-12,RPT-022,Succeeded,25,1834554,64,
2026-04-13,RPT-022,Succeeded,23,1677508,61,
2026-04-14,RPT-022,Succeeded,21,248677,59,
2026-04-15,RPT-022,Succeeded,4,1193149,35,
2026-04-16,RPT-022,Succeeded,4,584431,56,
2026-04-17,RPT-022,Succeeded,9,796308,23,
2026-04-18,RPT-022,Succeeded,28,1708934,84,
2026-04-19,RPT-022,Succeeded,8,683515,4,
2026-04-20,RPT-022,Succeeded,11,996611,49,
2026-04-21,RPT-022,Succeeded,10,1469992,52,
2026-04-22,RPT-022,Succeeded,8,1431963,57,
2026-04-23,RPT-022,Succeeded,12,1854855,31,
2026-04-24,RPT-022,Succeeded,21,945355,4,
2026-04-25,RPT-022,Succeeded,17,1093346,82,
2026-04-26,RPT-022,Succeeded,19,761630,58,
2026-04-27,RPT-022,Succeeded,18,478169,24,
2026-04-28,RPT-022,Succeeded,7,966088,19,
2026-04-29,RPT-022,Succeeded,22,233997,34,
2026-04-30,RPT-022,Succeeded,11,1151539,4,
2026-05-01,RPT-022,Succeeded,12,584271,57,
2026-05-02,RPT-022,Succeeded,17,1867604,91,
2026-05-03,RPT-022,Succeeded,22,1884020,50,
2026-05-04,RPT-022,Succeeded,4,563331,63,
